{
  "explained_variance_ratio": [
    0.6074655173866635,
    0.39253448261333646
  ],
  "cumulative_variance": [
    0.6074655173866635,
    1.0
  ],
  "components": [
    [
      0.7071067811865482,
      0.7071067811865468
    ],
    [
      -0.7071067811865468,
      0.7071067811865482
    ]
  ],
  "feature_names": [
    "pm10",
    "no2"
  ],
  "n_components_95_variance": 2
}